agent,episodes,avg_waiting_time,avg_pedestrian_waiting_time,avg_queue_length,avg_pedestrian_crossing_occupancy,violation_rate,violations,total_reward,steps
Fixed-Time (30s cycle),5,1604.169888888889,0.0,80.27294444444445,0.8942777777777777,0.6908333333333333,12435,-5899361.6,3600.0
Max Pressure,5,1380.0466111111111,5.555555555555556e-05,79.57505555555556,0.8958333333333333,0.5577222222222222,10039,-5068558.0,3600.0
SOTL (kappa=5),5,1405.9980555555555,0.0,80.65055555555556,0.9041666666666666,0.7097222222222223,12775,-5189343.0,3600.0
DQN-AR,5,1350.6027777777779,0.0,79.60805555555555,0.9019444444444444,0.0,0,-4862170.0,3600.0
SPRe+ (DQN policy),5,1350.6027777777779,0.0,79.60805555555555,0.9019444444444444,0.0,0,-4862170.0,3600.0
Action-Constrained PPO,5,1291.4022222222222,0.0,78.665,0.9169444444444445,0.0,0,-4649048.0,3600.0
