agent,episodes,avg_waiting_time,avg_pedestrian_waiting_time,avg_queue_length,avg_pedestrian_crossing_occupancy,violation_rate,violations,total_reward,steps
Fixed-Time (30s cycle),5,1535.3133333333335,0.0,79.46233333333335,0.8971666666666668,0.6928333333333334,12471,-5651838.0,3600.0
Max Pressure,5,1407.649611111111,0.00011111111111111112,80.32138888888889,0.9034444444444443,0.5483888888888888,9871,-5166249.0,3600.0
SOTL (kappa=5),5,1405.9980555555555,0.0,80.65055555555556,0.9041666666666666,0.7097222222222223,12775,-5189343.0,3600.0
DQN-AR,5,1350.6027777777779,0.0,79.60805555555555,0.9019444444444444,0.0,0,-4862170.0,3600.0
SPRe+ (DQN policy),5,1350.6027777777779,0.0,79.60805555555555,0.9019444444444444,0.0,0,-4862170.0,3600.0
Action-Constrained PPO,5,1350.2052777777778,0.0,80.48,0.9147222222222222,0.0,0,-4860739.0,3600.0
