agent,episodes,avg_waiting_time,avg_pedestrian_waiting_time,avg_queue_length,avg_pedestrian_crossing_occupancy,violation_rate,violations,total_reward,steps
Fixed-Time (30s cycle),5,107.57555555555555,0.0025,5.605555555555555,0.8413888888888887,0.5719444444444445,10295,-490231.0,3600.0
Max Pressure,5,55.627444444444436,0.40149999999999997,4.036055555555555,0.8335555555555556,0.5348888888888889,9628,-297984.2,3600.0
SOTL (kappa=5),5,71.63577777777778,0.0008888888888888889,4.778333333333333,0.8336111111111111,0.18555555555555556,3340,-291292.0,3600.0
DQN-AR,5,65.84777777777778,0.005833333333333334,4.4675,0.8483333333333334,0.0,0,-237073.0,3600.0
SPRe+ (DQN policy),5,65.84777777777778,0.005833333333333334,4.4675,0.8483333333333334,0.0,0,-237073.0,3600.0
Action-Constrained PPO,5,60.282500000000006,0.0025,4.271388888888889,0.8366666666666667,0.0,0,-217026.0,3600.0
