agent,episodes,avg_waiting_time,avg_pedestrian_waiting_time,avg_queue_length,avg_pedestrian_crossing_occupancy,violation_rate,violations,total_reward,steps
Fixed-Time (30s cycle),5,107.57555555555555,0.0025,5.605555555555555,0.8413888888888887,0.5719444444444445,10295,-490231.0,3600.0
Max Pressure,5,53.14394444444444,0.001388888888888889,3.974388888888889,0.8372222222222222,0.5408333333333333,9735,-288673.2,3600.0
SOTL (kappa=5),5,72.7898888888889,0.0008888888888888889,4.824055555555555,0.8336111111111112,0.1983888888888889,3571,-297756.8,3600.0
DQN-AR,5,65.84777777777778,0.005833333333333334,4.4675,0.8483333333333334,0.0,0,-237073.0,3600.0
SPRe+ (DQN policy),5,65.84777777777778,0.005833333333333334,4.4675,0.8483333333333334,0.0,0,-237073.0,3600.0
Action-Constrained PPO,5,60.77694444444445,0.0002777777777777778,4.453055555555555,0.8391666666666666,0.0,0,-218798.0,3600.0
