agent,episodes,avg_waiting_time,avg_pedestrian_waiting_time,avg_queue_length,avg_pedestrian_crossing_occupancy,violation_rate,violations,total_reward,steps
Fixed-Time (30s cycle),5,1574.4416666666666,0.0,79.77105555555556,0.8983333333333334,0.6844444444444444,12320,-5791190.0,3600.0
Max Pressure,5,1381.0865,0.0,79.64083333333335,0.9003888888888889,0.5761111111111112,10370,-5075611.4,3600.0
SOTL (kappa=5),5,1405.9980555555555,0.0,80.65055555555556,0.9041666666666666,0.7097222222222223,12775,-5189343.0,3600.0
DQN-AR,5,1350.6027777777779,0.0,79.60805555555555,0.9019444444444444,0.0,0,-4862170.0,3600.0
SPRe+ (DQN policy),5,1350.6027777777779,0.0,79.60805555555555,0.9019444444444444,0.0,0,-4862170.0,3600.0
Action-Constrained PPO,5,1303.8708333333334,0.0,79.77944444444445,0.9225,0.0,0,-4693935.0,3600.0
